book_id,title,author_id,genre,total_copies,available_copies
101,Unit business.,3,Non-Fiction,19,4
102,Movie herself.,12,Mystery,7,7
103,When director which.,2,Mystery,7,4
104,Most let keep public.,10,Fantasy,8,8
105,Less almost.,6,Romance,14,8
106,Check degree.,10,Fantasy,7,8
107,Election rest candidate reach.,16,Fantasy,12,0
108,Speak cell sea same operation.,2,Thriller,20,0
109,Few pass gas series take.,8,Romance,8,3
110,Short mother own.,3,Romance,10,8
111,Score factor.,6,Sci-Fi,9,0
112,Since expect me.,11,Romance,12,4
113,Decide enter still wind blue.,8,Fiction,11,6
114,Run three yard wait.,6,Non-Fiction,18,10
115,Southern ten hold through under.,4,Fantasy,6,2
116,Daughter upon involve seek.,15,Mystery,12,9
117,Bill continue speech.,19,Non-Fiction,10,7
118,Civil focus quite up.,4,Fiction,14,3
119,Brother operation.,1,Sci-Fi,5,2
120,Enough camera ok.,1,Non-Fiction,7,0
121,Situation manage.,5,Fiction,6,1
122,Central skin.,18,Romance,5,2
123,Executive result like.,13,Non-Fiction,18,6
124,Again bed laugh.,8,Romance,20,6
125,Contain money trip buy eye.,4,Mystery,15,6
126,Not easy central somebody.,6,Non-Fiction,8,6
127,News road.,17,Romance,6,2
128,Prepare often hair reflect.,6,Romance,16,2
129,Nation such.,2,Thriller,12,3
130,Speak cell sea red million.,18,Mystery,17,3
131,Sister learn ground her of.,17,Non-Fiction,17,9
132,Here outside well old.,11,Fantasy,17,6
133,Sea family attorney.,13,Fantasy,8,0
134,Fly win.,9,Romance,6,0
135,Discussion agent miss your term.,17,Sci-Fi,12,2
136,National skill movement.,10,Sci-Fi,14,2
137,Blood determine to push.,15,Fantasy,17,1
138,Decide current forget herself.,9,Sci-Fi,13,6
139,Western wait especially.,19,Romance,18,1
140,Day data.,3,Non-Fiction,13,0
141,One note age weight.,3,Thriller,9,8
142,Pay win eight up run.,7,Romance,5,2
143,Especially billion note fish then.,2,Mystery,12,4
144,Window many decide form.,5,Fantasy,8,5
145,Store group bit.,15,Thriller,10,10
146,Sell reach police.,20,Sci-Fi,20,0
147,Painting present some again.,5,Mystery,15,6
148,Bad commercial message.,14,Romance,14,5
149,If enjoy free.,6,Fiction,10,3
150,Once smile and protect into.,3,Thriller,10,2
151,Keep everyone lawyer high.,15,Thriller,6,9
152,Six show believe.,5,Thriller,19,5
153,Official inside water.,3,Fiction,19,3
154,Million stand per.,20,Sci-Fi,20,8
155,Between view ask prove.,9,Fiction,16,4
156,Foot different.,17,Fiction,11,9
157,Discuss gun sea sign life.,4,Fiction,19,9
158,Look between several.,1,Thriller,16,10
159,Rule wind.,19,Thriller,16,8
160,Past money quality rock.,2,Fantasy,14,6
161,Television which understand bit.,1,Fantasy,9,1
162,Picture upon organization enough help.,19,Mystery,9,6
163,Interesting peace company.,13,Thriller,10,2
164,Likely hair pass camera.,12,Fiction,20,1
165,Focus number friend treat.,5,Fantasy,20,1
166,Let ready main.,16,Sci-Fi,5,9
167,Begin yeah evening.,5,Mystery,5,7
168,Report state.,5,Mystery,17,6
169,Evidence section grow wide.,9,Non-Fiction,12,8
170,Meet security.,12,Romance,7,10
171,Film drive major poor.,1,Romance,7,7
172,Police thousand effect why.,4,Non-Fiction,16,10
173,Happy both become work position.,14,Romance,8,3
174,Doctor rather write.,3,Sci-Fi,13,6
175,Treatment traditional reality list.,15,Thriller,16,5
176,Age thought.,3,Thriller,14,5
177,Process every.,4,Non-Fiction,14,10
178,Watch offer far.,20,Non-Fiction,17,8
179,Like room put individual level.,19,Non-Fiction,5,9
180,Occur likely could fall.,15,Non-Fiction,13,4
181,West worker street couple.,9,Fiction,10,0
182,Idea avoid.,3,Romance,11,7
183,Alone color community Mr argue.,2,Thriller,14,6
184,Management cut order.,17,Romance,15,0
185,Institution character tree.,19,Thriller,19,3
186,However now book firm.,9,Thriller,14,5
187,When provide.,7,Non-Fiction,11,3
188,Address toward leg stock.,10,Sci-Fi,5,4
189,Ten base trip.,13,Mystery,10,6
190,Data choice deal age.,10,Romance,8,8
191,Rich perform sort.,16,Non-Fiction,14,5
192,Myself under right.,10,Fantasy,9,3
193,Indicate notice.,3,Non-Fiction,18,0
194,Successful too foot game.,20,Mystery,13,4
195,Modern eight some.,3,Romance,18,8
196,Pay account something south American.,16,Non-Fiction,12,10
197,Over as business hand town.,13,Fantasy,14,10
198,Challenge school system.,19,Sci-Fi,20,3
199,Responsibility yard.,7,Fantasy,18,8
200,Society figure nice.,1,Mystery,13,0
201,Almost law yet other.,2,Fiction,14,7
202,Once television.,9,Non-Fiction,17,1
203,Group national able.,12,Fantasy,19,1
204,Region us help.,18,Romance,12,1
205,General whom once.,4,Fiction,17,9
206,Then phone.,6,Fantasy,6,3
207,Enough while case cut.,16,Sci-Fi,9,4
208,Really leg make parent senior.,7,Fantasy,14,9
209,Admit star she future suddenly.,9,Non-Fiction,16,9
210,Sing ready remain this then.,18,Fantasy,6,10
211,Growth personal growth people condition.,14,Fiction,15,2
212,Simply health without can.,11,Mystery,9,2
213,Maintain training hot.,19,Thriller,18,6
214,Just bad necessary.,1,Mystery,6,8
215,How matter whom both likely.,6,Fantasy,14,0
216,Candidate mother.,3,Fantasy,9,9
217,Benefit trial sing decide.,14,Thriller,9,0
218,Open energy event.,2,Fiction,17,7
219,House realize shoulder give.,8,Thriller,8,10
220,But life cup arrive.,18,Fantasy,19,7
221,Trouble subject may.,15,Non-Fiction,16,7
222,Food discover leg.,17,Fantasy,13,2
223,Beyond by realize.,13,Fiction,14,2
224,Movement bit teacher.,15,Fiction,18,10
225,Could child.,16,Romance,13,7
226,Of option item church interest.,15,Fiction,6,0
227,Happy life hold opportunity.,18,Fantasy,7,10
228,Financial summer.,14,Romance,11,1
229,Board save southern.,9,Romance,20,8
230,Life wind five officer.,16,Non-Fiction,16,5
231,Six hotel bad raise.,17,Mystery,15,6
232,Trip much spend study author.,16,Romance,5,10
233,Argue evening sell region.,15,Thriller,17,10
234,Forward go.,19,Fiction,10,10
235,Tough relate until public.,8,Sci-Fi,13,10
236,Their several kind build.,6,Fantasy,18,8
237,Region firm.,13,Thriller,9,7
238,Focus hundred modern point.,12,Romance,13,2
239,Movement cover group country.,18,Fantasy,5,3
240,Court interesting.,18,Romance,20,6
241,However method make plant exist.,15,Romance,13,5
242,Country marriage better wind full.,3,Non-Fiction,19,10
243,Look smile PM involve.,20,Romance,17,1
244,Film not.,12,Romance,7,4
245,Including save stuff.,16,Non-Fiction,15,9
246,International between position company list.,10,Sci-Fi,6,3
247,Painting develop western.,3,Mystery,19,4
248,Indicate what.,17,Fiction,17,1
249,Very seem popular shoulder.,10,Fiction,18,2
250,Table reach look she.,19,Sci-Fi,13,1
251,Floor rise smile after its.,2,Thriller,20,2
252,Evidence money.,1,Romance,18,6
253,Group argue current.,3,Fantasy,5,4
254,Along civil.,11,Thriller,18,2
255,Together act especially Congress.,3,Fantasy,15,7
256,Very by particular PM start.,6,Non-Fiction,18,8
257,Quickly million particularly rest.,19,Sci-Fi,7,8
258,Be official resource above.,15,Sci-Fi,19,4
259,Skill risk.,1,Thriller,7,6
260,Might consumer method piece.,16,Fiction,19,4
261,Your white house.,14,Romance,13,1
262,Republican program machine chair.,6,Fantasy,13,10
263,Best simply month minute former.,10,Fantasy,8,8
264,Woman guess drug seem.,13,Fantasy,20,8
265,Program because read could.,18,Sci-Fi,20,4
266,Truth budget change ground physical.,2,Romance,18,0
267,Effort individual fine sign hour.,16,Fiction,16,2
268,These population at answer wife.,11,Non-Fiction,16,7
269,Key see listen.,4,Sci-Fi,14,1
270,Suggest record never east fill.,11,Non-Fiction,19,8
271,Price democratic send little.,10,Mystery,16,3
272,Office behind network run.,19,Non-Fiction,12,1
273,Fire fund.,3,Fantasy,16,5
274,Think food war personal cup.,12,Sci-Fi,6,5
275,Nation technology to guy.,3,Fiction,17,5
276,Possible particularly month left.,8,Fantasy,9,10
277,At effect left.,2,Mystery,11,1
278,Natural consider.,5,Fiction,17,10
279,Car news himself.,8,Fantasy,19,0
280,Both she.,7,Non-Fiction,13,2
281,Art pay relate.,11,Mystery,8,10
282,Development available.,10,Non-Fiction,11,8
283,Learn interview movement as.,8,Thriller,18,9
284,Cut also several.,18,Fiction,6,0
285,Visit choice could investment east.,3,Sci-Fi,17,10
286,Surface possible across tough in.,10,Non-Fiction,19,2
287,Nothing yes line listen community.,1,Fantasy,7,10
288,Collection operation son.,3,Romance,6,6
289,Value always fill order happy.,12,Thriller,18,0
290,Ball while friend unit.,10,Romance,17,6
291,Course realize attorney wind thank.,16,Fantasy,8,5
292,Believe answer oil she you.,8,Fantasy,6,7
293,Movement beautiful civil space.,19,Romance,9,8
294,Arm her stuff ground.,12,Fantasy,12,4
295,Adult south discover raise sense.,6,Romance,12,2
296,Fall save argue.,20,Non-Fiction,9,8
297,Various soldier vote.,14,Mystery,14,0
298,Participant necessary son.,3,Fantasy,18,5
299,Movement win tree.,6,Fantasy,16,1
300,Personal there.,16,Fiction,11,1
